Record Length,2500,Points,-5.00E-06,1.6799999
Sample Interval,4.00E-09,s,-5.00E-06,1.66
Trigger Point,1.25E+03,Samples,-4.99E-06,1.66
,,,-4.99E-06,1.6799999
,,,-4.98E-06,1.66
,,,-4.98E-06,1.6799999
Source,CH2,,-4.98E-06,1.66
Vertical Units,Volts,,-4.97E-06,1.66
Vertical Scale,5.00E-01,,-4.97E-06,1.66
Vertical Offset,0,,-4.96E-06,1.66
Horizontal Units,s,,-4.96E-06,1.64
Horizontal Scale,1.00E-06,,-4.96E-06,1.66
Pt Fmt,Y,,-4.95E-06,1.66
Yzero,0,,-4.95E-06,1.64
Probe Atten,1,,-4.94E-06,1.6799999
,,,-4.94E-06,1.6799999
Note,TBS 1072B-EDU - 4:50:43 PM   29-Apr-22,,-4.94E-06,1.66
,,,-4.93E-06,1.66
,,,-4.93E-06,1.6799999
,,,-4.92E-06,1.6799999
,,,-4.92E-06,1.66
,,,-4.92E-06,1.6799999
,,,-4.91E-06,1.66
,,,-4.91E-06,1.64
,,,-4.90E-06,1.6999999
,,,-4.90E-06,1.66
,,,-4.90E-06,1.6799999
,,,-4.89E-06,1.66
,,,-4.89E-06,1.6799999
,,,-4.88E-06,1.6799999
,,,-4.88E-06,1.6799999
,,,-4.88E-06,1.6799999
,,,-4.87E-06,1.6799999
,,,-4.87E-06,1.66
,,,-4.86E-06,1.6799999
,,,-4.86E-06,1.66
,,,-4.86E-06,1.66
,,,-4.85E-06,1.6799999
,,,-4.85E-06,1.66
,,,-4.84E-06,1.64
,,,-4.84E-06,1.66
,,,-4.84E-06,1.66
,,,-4.83E-06,1.66
,,,-4.83E-06,1.66
,,,-4.82E-06,1.66
,,,-4.82E-06,1.66
,,,-4.82E-06,1.6799999
,,,-4.81E-06,1.66
,,,-4.81E-06,1.64
,,,-4.80E-06,1.6799999
,,,-4.80E-06,1.66
,,,-4.80E-06,1.66
,,,-4.79E-06,1.66
,,,-4.79E-06,1.66
,,,-4.78E-06,1.66
,,,-4.78E-06,1.64
,,,-4.78E-06,1.6799999
,,,-4.77E-06,1.66
,,,-4.77E-06,1.6799999
,,,-4.76E-06,1.6799999
,,,-4.76E-06,1.66
,,,-4.76E-06,1.66
,,,-4.75E-06,1.66
,,,-4.75E-06,1.66
,,,-4.74E-06,1.66
,,,-4.74E-06,1.6799999
,,,-4.74E-06,1.6799999
,,,-4.73E-06,1.64
,,,-4.73E-06,1.6799999
,,,-4.72E-06,1.66
,,,-4.72E-06,1.66
,,,-4.72E-06,1.66
,,,-4.71E-06,1.66
,,,-4.71E-06,1.6799999
,,,-4.70E-06,1.66
,,,-4.70E-06,1.6799999
,,,-4.70E-06,1.6799999
,,,-4.69E-06,1.66
,,,-4.69E-06,1.66
,,,-4.68E-06,1.66
,,,-4.68E-06,1.66
,,,-4.68E-06,1.6799999
,,,-4.67E-06,1.66
,,,-4.67E-06,1.66
,,,-4.66E-06,1.6799999
,,,-4.66E-06,1.66
,,,-4.66E-06,1.6799999
,,,-4.65E-06,1.66
,,,-4.65E-06,1.64
,,,-4.64E-06,1.66
,,,-4.64E-06,1.6799999
,,,-4.64E-06,1.66
,,,-4.63E-06,1.66
,,,-4.63E-06,1.64
,,,-4.62E-06,1.66
,,,-4.62E-06,1.66
,,,-4.62E-06,1.66
,,,-4.61E-06,1.66
,,,-4.61E-06,1.64
,,,-4.60E-06,1.66
,,,-4.60E-06,1.66
,,,-4.60E-06,1.66
,,,-4.59E-06,1.6799999
,,,-4.59E-06,1.6799999
,,,-4.58E-06,1.66
,,,-4.58E-06,1.66
,,,-4.58E-06,1.6799999
,,,-4.57E-06,1.6799999
,,,-4.57E-06,1.66
,,,-4.56E-06,1.66
,,,-4.56E-06,1.66
,,,-4.56E-06,1.66
,,,-4.55E-06,1.64
,,,-4.55E-06,1.66
,,,-4.54E-06,1.6799999
,,,-4.54E-06,1.66
,,,-4.54E-06,1.66
,,,-4.53E-06,1.66
,,,-4.53E-06,1.66
,,,-4.52E-06,1.64
,,,-4.52E-06,1.6799999
,,,-4.52E-06,1.6799999
,,,-4.51E-06,1.66
,,,-4.51E-06,1.6799999
,,,-4.50E-06,1.6799999
,,,-4.50E-06,1.6799999
,,,-4.50E-06,1.66
,,,-4.49E-06,1.6799999
,,,-4.49E-06,1.66
,,,-4.48E-06,1.66
,,,-4.48E-06,1.64
,,,-4.48E-06,1.64
,,,-4.47E-06,1.66
,,,-4.47E-06,1.66
,,,-4.46E-06,1.6799999
,,,-4.46E-06,1.6799999
,,,-4.46E-06,1.6799999
,,,-4.45E-06,1.6799999
,,,-4.45E-06,1.64
,,,-4.44E-06,1.66
,,,-4.44E-06,1.66
,,,-4.44E-06,1.64
,,,-4.43E-06,1.64
,,,-4.43E-06,1.66
,,,-4.42E-06,1.66
,,,-4.42E-06,1.66
,,,-4.42E-06,1.64
,,,-4.41E-06,1.66
,,,-4.41E-06,1.66
,,,-4.40E-06,1.64
,,,-4.40E-06,1.66
,,,-4.40E-06,1.66
,,,-4.39E-06,1.6799999
,,,-4.39E-06,1.6799999
,,,-4.38E-06,1.66
,,,-4.38E-06,1.64
,,,-4.38E-06,1.66
,,,-4.37E-06,1.66
,,,-4.37E-06,1.6799999
,,,-4.36E-06,1.64
,,,-4.36E-06,1.66
,,,-4.36E-06,1.6999999
,,,-4.35E-06,1.6799999
,,,-4.35E-06,1.66
,,,-4.34E-06,1.6799999
,,,-4.34E-06,1.66
,,,-4.34E-06,1.66
,,,-4.33E-06,1.6799999
,,,-4.33E-06,1.6799999
,,,-4.32E-06,1.66
,,,-4.32E-06,1.64
,,,-4.32E-06,1.64
,,,-4.31E-06,1.64
,,,-4.31E-06,1.66
,,,-4.30E-06,1.6799999
,,,-4.30E-06,1.6799999
,,,-4.30E-06,1.6799999
,,,-4.29E-06,1.64
,,,-4.29E-06,1.64
,,,-4.28E-06,1.6799999
,,,-4.28E-06,1.66
,,,-4.28E-06,1.6799999
,,,-4.27E-06,1.6799999
,,,-4.27E-06,1.6799999
,,,-4.26E-06,1.66
,,,-4.26E-06,1.66
,,,-4.26E-06,1.66
,,,-4.25E-06,1.66
,,,-4.25E-06,1.6799999
,,,-4.24E-06,1.6799999
,,,-4.24E-06,1.6799999
,,,-4.24E-06,1.6799999
,,,-4.23E-06,1.64
,,,-4.23E-06,1.66
,,,-4.22E-06,1.6799999
,,,-4.22E-06,1.64
,,,-4.22E-06,1.64
,,,-4.21E-06,1.64
,,,-4.21E-06,1.66
,,,-4.20E-06,1.6799999
,,,-4.20E-06,1.66
,,,-4.20E-06,1.66
,,,-4.19E-06,1.64
,,,-4.19E-06,1.6799999
,,,-4.18E-06,1.66
,,,-4.18E-06,1.66
,,,-4.18E-06,1.66
,,,-4.17E-06,1.66
,,,-4.17E-06,1.66
,,,-4.16E-06,1.6799999
,,,-4.16E-06,1.66
,,,-4.16E-06,1.66
,,,-4.15E-06,1.6799999
,,,-4.15E-06,1.6799999
,,,-4.14E-06,1.66
,,,-4.14E-06,1.6799999
,,,-4.14E-06,1.64
,,,-4.13E-06,1.6799999
,,,-4.13E-06,1.66
,,,-4.12E-06,1.6799999
,,,-4.12E-06,1.66
,,,-4.12E-06,1.66
,,,-4.11E-06,1.66
,,,-4.11E-06,1.66
,,,-4.10E-06,1.66
,,,-4.10E-06,1.66
,,,-4.10E-06,1.6799999
,,,-4.09E-06,1.64
,,,-4.09E-06,1.6799999
,,,-4.08E-06,1.66
,,,-4.08E-06,1.64
,,,-4.08E-06,1.6799999
,,,-4.07E-06,1.66
,,,-4.07E-06,1.66
,,,-4.06E-06,1.6799999
,,,-4.06E-06,1.6799999
,,,-4.06E-06,1.6799999
,,,-4.05E-06,1.66
,,,-4.05E-06,1.66
,,,-4.04E-06,1.66
,,,-4.04E-06,1.66
,,,-4.04E-06,1.64
,,,-4.03E-06,1.66
,,,-4.03E-06,1.66
,,,-4.02E-06,1.6799999
,,,-4.02E-06,1.66
,,,-4.02E-06,1.66
,,,-4.01E-06,1.6799999
,,,-4.01E-06,1.64
,,,-4.00E-06,1.64
,,,-4.00E-06,1.64
,,,-4.00E-06,1.6799999
,,,-3.99E-06,1.6799999
,,,-3.99E-06,1.66
,,,-3.98E-06,1.66
,,,-3.98E-06,1.66
,,,-3.98E-06,1.6799999
,,,-3.97E-06,1.66
,,,-3.97E-06,1.6799999
,,,-3.96E-06,1.66
,,,-3.96E-06,1.66
,,,-3.96E-06,1.66
,,,-3.95E-06,1.66
,,,-3.95E-06,1.66
,,,-3.94E-06,1.66
,,,-3.94E-06,1.6799999
,,,-3.94E-06,1.6799999
,,,-3.93E-06,1.6799999
,,,-3.93E-06,1.64
,,,-3.92E-06,1.66
,,,-3.92E-06,1.66
,,,-3.92E-06,1.66
,,,-3.91E-06,1.66
,,,-3.91E-06,1.6799999
,,,-3.90E-06,1.66
,,,-3.90E-06,1.6799999
,,,-3.90E-06,1.66
,,,-3.89E-06,1.66
,,,-3.89E-06,1.6799999
,,,-3.88E-06,1.66
,,,-3.88E-06,1.66
,,,-3.88E-06,1.6799999
,,,-3.87E-06,1.66
,,,-3.87E-06,1.6799999
,,,-3.86E-06,1.66
,,,-3.86E-06,1.66
,,,-3.86E-06,1.66
,,,-3.85E-06,1.66
,,,-3.85E-06,1.6799999
,,,-3.84E-06,1.66
,,,-3.84E-06,1.6799999
,,,-3.84E-06,1.66
,,,-3.83E-06,1.66
,,,-3.83E-06,1.66
,,,-3.82E-06,1.64
,,,-3.82E-06,1.66
,,,-3.82E-06,1.66
,,,-3.81E-06,1.66
,,,-3.81E-06,1.6799999
,,,-3.80E-06,1.66
,,,-3.80E-06,1.6799999
,,,-3.80E-06,1.66
,,,-3.79E-06,1.6799999
,,,-3.79E-06,1.66
,,,-3.78E-06,1.66
,,,-3.78E-06,1.64
,,,-3.78E-06,1.64
,,,-3.77E-06,1.64
,,,-3.77E-06,1.66
,,,-3.76E-06,1.64
,,,-3.76E-06,1.66
,,,-3.76E-06,1.66
,,,-3.75E-06,1.66
,,,-3.75E-06,1.66
,,,-3.74E-06,1.66
,,,-3.74E-06,1.64
,,,-3.74E-06,1.64
,,,-3.73E-06,1.66
,,,-3.73E-06,1.66
,,,-3.72E-06,1.64
,,,-3.72E-06,1.66
,,,-3.72E-06,1.64
,,,-3.71E-06,1.64
,,,-3.71E-06,1.66
,,,-3.70E-06,1.64
,,,-3.70E-06,1.66
,,,-3.70E-06,1.62
,,,-3.69E-06,1.66
,,,-3.69E-06,1.66
,,,-3.68E-06,1.66
,,,-3.68E-06,1.66
,,,-3.68E-06,1.6799999
,,,-3.67E-06,1.64
,,,-3.67E-06,1.66
,,,-3.66E-06,1.66
,,,-3.66E-06,1.66
,,,-3.66E-06,1.64
,,,-3.65E-06,1.6799999
,,,-3.65E-06,1.64
,,,-3.64E-06,1.66
,,,-3.64E-06,1.66
,,,-3.64E-06,1.66
,,,-3.63E-06,1.66
,,,-3.63E-06,1.66
,,,-3.62E-06,1.66
,,,-3.62E-06,1.66
,,,-3.62E-06,1.66
,,,-3.61E-06,1.66
,,,-3.61E-06,1.64
,,,-3.60E-06,1.6799999
,,,-3.60E-06,1.66
,,,-3.60E-06,1.66
,,,-3.59E-06,1.66
,,,-3.59E-06,1.66
,,,-3.58E-06,1.66
,,,-3.58E-06,1.66
,,,-3.58E-06,1.66
,,,-3.57E-06,1.64
,,,-3.57E-06,1.6799999
,,,-3.56E-06,1.6799999
,,,-3.56E-06,1.6799999
,,,-3.56E-06,1.66
,,,-3.55E-06,1.66
,,,-3.55E-06,1.6799999
,,,-3.54E-06,1.66
,,,-3.54E-06,1.6799999
,,,-3.54E-06,1.64
,,,-3.53E-06,1.66
,,,-3.53E-06,1.66
,,,-3.52E-06,1.66
,,,-3.52E-06,1.66
,,,-3.52E-06,1.66
,,,-3.51E-06,1.6799999
,,,-3.51E-06,1.66
,,,-3.50E-06,1.66
,,,-3.50E-06,1.66
,,,-3.50E-06,1.66
,,,-3.49E-06,1.6799999
,,,-3.49E-06,1.64
,,,-3.48E-06,1.66
,,,-3.48E-06,1.66
,,,-3.48E-06,1.66
,,,-3.47E-06,1.66
,,,-3.47E-06,1.64
,,,-3.46E-06,1.64
,,,-3.46E-06,1.66
,,,-3.46E-06,1.66
,,,-3.45E-06,1.66
,,,-3.45E-06,1.64
,,,-3.44E-06,1.6799999
,,,-3.44E-06,1.66
,,,-3.44E-06,1.66
,,,-3.43E-06,1.6799999
,,,-3.43E-06,1.66
,,,-3.42E-06,1.64
,,,-3.42E-06,1.66
,,,-3.42E-06,1.66
,,,-3.41E-06,1.64
,,,-3.41E-06,1.66
,,,-3.40E-06,1.64
,,,-3.40E-06,1.66
,,,-3.40E-06,1.66
,,,-3.39E-06,1.6799999
,,,-3.39E-06,1.6799999
,,,-3.38E-06,1.66
,,,-3.38E-06,1.64
,,,-3.38E-06,1.64
,,,-3.37E-06,1.66
,,,-3.37E-06,1.6799999
,,,-3.36E-06,1.66
,,,-3.36E-06,1.64
,,,-3.36E-06,1.6799999
,,,-3.35E-06,1.66
,,,-3.35E-06,1.66
,,,-3.34E-06,1.6799999
,,,-3.34E-06,1.66
,,,-3.34E-06,1.6799999
,,,-3.33E-06,1.66
,,,-3.33E-06,1.66
,,,-3.32E-06,1.66
,,,-3.32E-06,1.6799999
,,,-3.32E-06,1.66
,,,-3.31E-06,1.6799999
,,,-3.31E-06,1.64
,,,-3.30E-06,1.6799999
,,,-3.30E-06,1.66
,,,-3.30E-06,1.6799999
,,,-3.29E-06,1.6799999
,,,-3.29E-06,1.66
,,,-3.28E-06,1.6799999
,,,-3.28E-06,1.6799999
,,,-3.28E-06,1.64
,,,-3.27E-06,1.66
,,,-3.27E-06,1.6799999
,,,-3.26E-06,1.6999999
,,,-3.26E-06,1.66
,,,-3.26E-06,1.66
,,,-3.25E-06,1.6799999
,,,-3.25E-06,1.6799999
,,,-3.24E-06,1.6799999
,,,-3.24E-06,1.66
,,,-3.24E-06,1.6799999
,,,-3.23E-06,1.6799999
,,,-3.23E-06,1.6799999
,,,-3.22E-06,1.66
,,,-3.22E-06,1.6799999
,,,-3.22E-06,1.66
,,,-3.21E-06,1.66
,,,-3.21E-06,1.66
,,,-3.20E-06,1.6799999
,,,-3.20E-06,1.64
,,,-3.20E-06,1.66
,,,-3.19E-06,1.66
,,,-3.19E-06,1.66
,,,-3.18E-06,1.66
,,,-3.18E-06,1.66
,,,-3.18E-06,1.66
,,,-3.17E-06,1.66
,,,-3.17E-06,1.66
,,,-3.16E-06,1.66
,,,-3.16E-06,1.66
,,,-3.16E-06,1.64
,,,-3.15E-06,1.6799999
,,,-3.15E-06,1.66
,,,-3.14E-06,1.6799999
,,,-3.14E-06,1.6799999
,,,-3.14E-06,1.66
,,,-3.13E-06,1.6799999
,,,-3.13E-06,1.6799999
,,,-3.12E-06,1.6999999
,,,-3.12E-06,1.66
,,,-3.12E-06,1.66
,,,-3.11E-06,1.66
,,,-3.11E-06,1.66
,,,-3.10E-06,1.64
,,,-3.10E-06,1.66
,,,-3.10E-06,1.6799999
,,,-3.09E-06,1.66
,,,-3.09E-06,1.66
,,,-3.08E-06,1.66
,,,-3.08E-06,1.66
,,,-3.08E-06,1.66
,,,-3.07E-06,1.66
,,,-3.07E-06,1.6799999
,,,-3.06E-06,1.64
,,,-3.06E-06,1.6799999
,,,-3.06E-06,1.66
,,,-3.05E-06,1.66
,,,-3.05E-06,1.66
,,,-3.04E-06,1.66
,,,-3.04E-06,1.66
,,,-3.04E-06,1.66
,,,-3.03E-06,1.66
,,,-3.03E-06,1.62
,,,-3.02E-06,1.66
,,,-3.02E-06,1.66
,,,-3.02E-06,1.66
,,,-3.01E-06,1.6799999
,,,-3.01E-06,1.66
,,,-3.00E-06,1.66
,,,-3.00E-06,1.6799999
,,,-3.00E-06,1.66
,,,-2.99E-06,1.66
,,,-2.99E-06,1.64
,,,-2.98E-06,1.66
,,,-2.98E-06,1.66
,,,-2.98E-06,1.6799999
,,,-2.97E-06,1.66
,,,-2.97E-06,1.66
,,,-2.96E-06,1.66
,,,-2.96E-06,1.6799999
,,,-2.96E-06,1.66
,,,-2.95E-06,1.66
,,,-2.95E-06,1.66
,,,-2.94E-06,1.66
,,,-2.94E-06,1.66
,,,-2.94E-06,1.6799999
,,,-2.93E-06,1.64
,,,-2.93E-06,1.6799999
,,,-2.92E-06,1.6799999
,,,-2.92E-06,1.6799999
,,,-2.92E-06,1.6999999
,,,-2.91E-06,1.66
,,,-2.91E-06,1.66
,,,-2.90E-06,1.66
,,,-2.90E-06,1.6799999
,,,-2.90E-06,1.66
,,,-2.89E-06,1.66
,,,-2.89E-06,1.66
,,,-2.88E-06,1.6799999
,,,-2.88E-06,1.6799999
,,,-2.88E-06,1.6799999
,,,-2.87E-06,1.6799999
,,,-2.87E-06,1.6799999
,,,-2.86E-06,1.66
,,,-2.86E-06,1.6799999
,,,-2.86E-06,1.66
,,,-2.85E-06,1.64
,,,-2.85E-06,1.66
,,,-2.84E-06,1.6999999
,,,-2.84E-06,1.66
,,,-2.84E-06,1.66
,,,-2.83E-06,1.66
,,,-2.83E-06,1.6799999
,,,-2.82E-06,1.66
,,,-2.82E-06,1.6799999
,,,-2.82E-06,1.6799999
,,,-2.81E-06,1.66
,,,-2.81E-06,1.66
,,,-2.80E-06,1.66
,,,-2.80E-06,1.66
,,,-2.80E-06,1.66
,,,-2.79E-06,1.66
,,,-2.79E-06,1.66
,,,-2.78E-06,1.6799999
,,,-2.78E-06,1.66
,,,-2.78E-06,1.6799999
,,,-2.77E-06,1.66
,,,-2.77E-06,1.66
,,,-2.76E-06,1.66
,,,-2.76E-06,1.66
,,,-2.76E-06,1.6799999
,,,-2.75E-06,1.66
,,,-2.75E-06,1.6799999
,,,-2.74E-06,1.64
,,,-2.74E-06,1.66
,,,-2.74E-06,1.66
,,,-2.73E-06,1.6799999
,,,-2.73E-06,1.6799999
,,,-2.72E-06,1.64
,,,-2.72E-06,1.6999999
,,,-2.72E-06,1.66
,,,-2.71E-06,1.6799999
,,,-2.71E-06,1.66
,,,-2.70E-06,1.66
,,,-2.70E-06,1.66
,,,-2.70E-06,1.66
,,,-2.69E-06,1.66
,,,-2.69E-06,1.66
,,,-2.68E-06,1.66
,,,-2.68E-06,1.6799999
,,,-2.68E-06,1.66
,,,-2.67E-06,1.6799999
,,,-2.67E-06,1.6799999
,,,-2.66E-06,1.6799999
,,,-2.66E-06,1.6799999
,,,-2.66E-06,1.6799999
,,,-2.65E-06,1.66
,,,-2.65E-06,1.66
,,,-2.64E-06,1.64
,,,-2.64E-06,1.6799999
,,,-2.64E-06,1.66
,,,-2.63E-06,1.64
,,,-2.63E-06,1.64
,,,-2.62E-06,1.66
,,,-2.62E-06,1.6799999
,,,-2.62E-06,1.66
,,,-2.61E-06,1.6799999
,,,-2.61E-06,1.66
,,,-2.60E-06,1.6799999
,,,-2.60E-06,1.66
,,,-2.60E-06,1.6799999
,,,-2.59E-06,1.66
,,,-2.59E-06,1.64
,,,-2.58E-06,1.64
,,,-2.58E-06,1.6799999
,,,-2.58E-06,1.66
,,,-2.57E-06,1.66
,,,-2.57E-06,1.66
,,,-2.56E-06,1.66
,,,-2.56E-06,1.66
,,,-2.56E-06,1.66
,,,-2.55E-06,1.66
,,,-2.55E-06,1.66
,,,-2.54E-06,1.66
,,,-2.54E-06,1.6799999
,,,-2.54E-06,1.6799999
,,,-2.53E-06,1.64
,,,-2.53E-06,1.66
,,,-2.52E-06,1.6799999
,,,-2.52E-06,1.66
,,,-2.52E-06,1.66
,,,-2.51E-06,1.6799999
,,,-2.51E-06,1.66
,,,-2.50E-06,1.66
,,,-2.50E-06,1.66
,,,-2.50E-06,1.66
,,,-2.49E-06,1.66
,,,-2.49E-06,1.66
,,,-2.48E-06,1.66
,,,-2.48E-06,1.66
,,,-2.48E-06,1.64
,,,-2.47E-06,1.6799999
,,,-2.47E-06,1.66
,,,-2.46E-06,1.6799999
,,,-2.46E-06,1.6799999
,,,-2.46E-06,1.6799999
,,,-2.45E-06,1.66
,,,-2.45E-06,1.66
,,,-2.44E-06,1.6799999
,,,-2.44E-06,1.6799999
,,,-2.44E-06,1.6799999
,,,-2.43E-06,1.66
,,,-2.43E-06,1.6799999
,,,-2.42E-06,1.6799999
,,,-2.42E-06,1.66
,,,-2.42E-06,1.66
,,,-2.41E-06,1.66
,,,-2.41E-06,1.66
,,,-2.40E-06,1.66
,,,-2.40E-06,1.66
,,,-2.40E-06,1.6799999
,,,-2.39E-06,1.6799999
,,,-2.39E-06,1.64
,,,-2.38E-06,1.64
,,,-2.38E-06,1.66
,,,-2.38E-06,1.66
,,,-2.37E-06,1.66
,,,-2.37E-06,1.66
,,,-2.36E-06,1.6799999
,,,-2.36E-06,1.6799999
,,,-2.36E-06,1.66
,,,-2.35E-06,1.6799999
,,,-2.35E-06,1.64
,,,-2.34E-06,1.64
,,,-2.34E-06,1.66
,,,-2.34E-06,1.6799999
,,,-2.33E-06,1.6799999
,,,-2.33E-06,1.66
,,,-2.32E-06,1.66
,,,-2.32E-06,1.66
,,,-2.32E-06,1.6799999
,,,-2.31E-06,1.66
,,,-2.31E-06,1.64
,,,-2.30E-06,1.6799999
,,,-2.30E-06,1.66
,,,-2.30E-06,1.66
,,,-2.29E-06,1.6799999
,,,-2.29E-06,1.6799999
,,,-2.28E-06,1.6799999
,,,-2.28E-06,1.6799999
,,,-2.28E-06,1.66
,,,-2.27E-06,1.6799999
,,,-2.27E-06,1.6799999
,,,-2.26E-06,1.66
,,,-2.26E-06,1.66
,,,-2.26E-06,1.6799999
,,,-2.25E-06,1.66
,,,-2.25E-06,1.64
,,,-2.24E-06,1.66
,,,-2.24E-06,1.6799999
,,,-2.24E-06,1.66
,,,-2.23E-06,1.64
,,,-2.23E-06,1.66
,,,-2.22E-06,1.64
,,,-2.22E-06,1.66
,,,-2.22E-06,1.6799999
,,,-2.21E-06,1.66
,,,-2.21E-06,1.6799999
,,,-2.20E-06,1.66
,,,-2.20E-06,1.66
,,,-2.20E-06,1.64
,,,-2.19E-06,1.66
,,,-2.19E-06,1.64
,,,-2.18E-06,1.64
,,,-2.18E-06,1.66
,,,-2.18E-06,1.66
,,,-2.17E-06,1.64
,,,-2.17E-06,1.6799999
,,,-2.16E-06,1.66
,,,-2.16E-06,1.66
,,,-2.16E-06,1.66
,,,-2.15E-06,1.6799999
,,,-2.15E-06,1.64
,,,-2.14E-06,1.6799999
,,,-2.14E-06,1.66
,,,-2.14E-06,1.64
,,,-2.13E-06,1.66
,,,-2.13E-06,1.66
,,,-2.12E-06,1.66
,,,-2.12E-06,1.66
,,,-2.12E-06,1.66
,,,-2.11E-06,1.6799999
,,,-2.11E-06,1.66
,,,-2.10E-06,1.66
,,,-2.10E-06,1.66
,,,-2.10E-06,1.66
,,,-2.09E-06,1.66
,,,-2.09E-06,1.66
,,,-2.08E-06,1.6799999
,,,-2.08E-06,1.6799999
,,,-2.08E-06,1.6799999
,,,-2.07E-06,1.66
,,,-2.07E-06,1.6799999
,,,-2.06E-06,1.6799999
,,,-2.06E-06,1.6999999
,,,-2.06E-06,1.64
,,,-2.05E-06,1.6799999
,,,-2.05E-06,1.66
,,,-2.04E-06,1.6799999
,,,-2.04E-06,1.66
,,,-2.04E-06,1.66
,,,-2.03E-06,1.6799999
,,,-2.03E-06,1.6799999
,,,-2.02E-06,1.66
,,,-2.02E-06,1.66
,,,-2.02E-06,1.6799999
,,,-2.01E-06,1.6999999
,,,-2.01E-06,1.66
,,,-2.00E-06,1.66
,,,-2.00E-06,1.6799999
,,,-2.00E-06,1.64
,,,-1.99E-06,1.66
,,,-1.99E-06,1.6799999
,,,-1.98E-06,1.6799999
,,,-1.98E-06,1.6799999
,,,-1.98E-06,1.66
,,,-1.97E-06,1.66
,,,-1.97E-06,1.66
,,,-1.96E-06,1.66
,,,-1.96E-06,1.66
,,,-1.96E-06,1.66
,,,-1.95E-06,1.66
,,,-1.95E-06,1.66
,,,-1.94E-06,1.66
,,,-1.94E-06,1.66
,,,-1.94E-06,1.66
,,,-1.93E-06,1.64
,,,-1.93E-06,1.66
,,,-1.92E-06,1.6799999
,,,-1.92E-06,1.6799999
,,,-1.92E-06,1.6799999
,,,-1.91E-06,1.6799999
,,,-1.91E-06,1.64
,,,-1.90E-06,1.64
,,,-1.90E-06,1.66
,,,-1.90E-06,1.66
,,,-1.89E-06,1.66
,,,-1.89E-06,1.6799999
,,,-1.88E-06,1.66
,,,-1.88E-06,1.66
,,,-1.88E-06,1.6799999
,,,-1.87E-06,1.6799999
,,,-1.87E-06,1.6799999
,,,-1.86E-06,1.66
,,,-1.86E-06,1.6799999
,,,-1.86E-06,1.66
,,,-1.85E-06,1.66
,,,-1.85E-06,1.6799999
,,,-1.84E-06,1.6799999
,,,-1.84E-06,1.66
,,,-1.84E-06,1.6799999
,,,-1.83E-06,1.6999999
,,,-1.83E-06,1.6799999
,,,-1.82E-06,1.66
,,,-1.82E-06,1.6799999
,,,-1.82E-06,1.6799999
,,,-1.81E-06,1.6799999
,,,-1.81E-06,1.6799999
,,,-1.80E-06,1.6799999
,,,-1.80E-06,1.66
,,,-1.80E-06,1.64
,,,-1.79E-06,1.66
,,,-1.79E-06,1.6799999
,,,-1.78E-06,1.6799999
,,,-1.78E-06,1.66
,,,-1.78E-06,1.6799999
,,,-1.77E-06,1.6799999
,,,-1.77E-06,1.66
,,,-1.76E-06,1.6799999
,,,-1.76E-06,1.66
,,,-1.76E-06,1.66
,,,-1.75E-06,1.6999999
,,,-1.75E-06,1.6799999
,,,-1.74E-06,1.6799999
,,,-1.74E-06,1.66
,,,-1.74E-06,1.6799999
,,,-1.73E-06,1.66
,,,-1.73E-06,1.6799999
,,,-1.72E-06,1.66
,,,-1.72E-06,1.6799999
,,,-1.72E-06,1.6799999
,,,-1.71E-06,1.6799999
,,,-1.71E-06,1.6799999
,,,-1.70E-06,1.66
,,,-1.70E-06,1.66
,,,-1.70E-06,1.66
,,,-1.69E-06,1.66
,,,-1.69E-06,1.66
,,,-1.68E-06,1.6799999
,,,-1.68E-06,1.6799999
,,,-1.68E-06,1.66
,,,-1.67E-06,1.66
,,,-1.67E-06,1.6799999
,,,-1.66E-06,1.66
,,,-1.66E-06,1.64
,,,-1.66E-06,1.66
,,,-1.65E-06,1.66
,,,-1.65E-06,1.6799999
,,,-1.64E-06,1.66
,,,-1.64E-06,1.64
,,,-1.64E-06,1.66
,,,-1.63E-06,1.6799999
,,,-1.63E-06,1.6799999
,,,-1.62E-06,1.6799999
,,,-1.62E-06,1.6799999
,,,-1.62E-06,1.6799999
,,,-1.61E-06,1.66
,,,-1.61E-06,1.6799999
,,,-1.60E-06,1.6999999
,,,-1.60E-06,1.66
,,,-1.60E-06,1.6799999
,,,-1.59E-06,1.66
,,,-1.59E-06,1.66
,,,-1.58E-06,1.66
,,,-1.58E-06,1.66
,,,-1.58E-06,1.64
,,,-1.57E-06,1.6799999
,,,-1.57E-06,1.66
,,,-1.56E-06,1.6799999
,,,-1.56E-06,1.6799999
,,,-1.56E-06,1.6799999
,,,-1.55E-06,1.6799999
,,,-1.55E-06,1.66
,,,-1.54E-06,1.6799999
,,,-1.54E-06,1.66
,,,-1.54E-06,1.64
,,,-1.53E-06,1.6799999
,,,-1.53E-06,1.6799999
,,,-1.52E-06,1.66
,,,-1.52E-06,1.66
,,,-1.52E-06,1.64
,,,-1.51E-06,1.6799999
,,,-1.51E-06,1.6799999
,,,-1.50E-06,1.6799999
,,,-1.50E-06,1.6799999
,,,-1.50E-06,1.66
,,,-1.49E-06,1.66
,,,-1.49E-06,1.6999999
,,,-1.48E-06,1.66
,,,-1.48E-06,1.66
,,,-1.48E-06,1.6799999
,,,-1.47E-06,1.66
,,,-1.47E-06,1.66
,,,-1.46E-06,1.6799999
,,,-1.46E-06,1.66
,,,-1.46E-06,1.66
,,,-1.45E-06,1.6799999
,,,-1.45E-06,1.66
,,,-1.44E-06,1.64
,,,-1.44E-06,1.66
,,,-1.44E-06,1.66
,,,-1.43E-06,1.66
,,,-1.43E-06,1.66
,,,-1.42E-06,1.6799999
,,,-1.42E-06,1.6799999
,,,-1.42E-06,1.66
,,,-1.41E-06,1.64
,,,-1.41E-06,1.66
,,,-1.40E-06,1.64
,,,-1.40E-06,1.66
,,,-1.40E-06,1.62
,,,-1.39E-06,1.66
,,,-1.39E-06,1.66
,,,-1.38E-06,1.66
,,,-1.38E-06,1.6799999
,,,-1.38E-06,1.6999999
,,,-1.37E-06,1.6799999
,,,-1.37E-06,1.6799999
,,,-1.36E-06,1.6799999
,,,-1.36E-06,1.6799999
,,,-1.36E-06,1.66
,,,-1.35E-06,1.66
,,,-1.35E-06,1.66
,,,-1.34E-06,1.66
,,,-1.34E-06,1.66
,,,-1.34E-06,1.6799999
,,,-1.33E-06,1.6799999
,,,-1.33E-06,1.66
,,,-1.32E-06,1.6799999
,,,-1.32E-06,1.66
,,,-1.32E-06,1.66
,,,-1.31E-06,1.6799999
,,,-1.31E-06,1.6799999
,,,-1.30E-06,1.66
,,,-1.30E-06,1.66
,,,-1.30E-06,1.6799999
,,,-1.29E-06,1.66
,,,-1.29E-06,1.6799999
,,,-1.28E-06,1.66
,,,-1.28E-06,1.66
,,,-1.28E-06,1.6799999
,,,-1.27E-06,1.66
,,,-1.27E-06,1.6799999
,,,-1.26E-06,1.66
,,,-1.26E-06,1.66
,,,-1.26E-06,1.66
,,,-1.25E-06,1.6799999
,,,-1.25E-06,1.66
,,,-1.24E-06,1.6799999
,,,-1.24E-06,1.66
,,,-1.24E-06,1.66
,,,-1.23E-06,1.6799999
,,,-1.23E-06,1.66
,,,-1.22E-06,1.64
,,,-1.22E-06,1.66
,,,-1.22E-06,1.6799999
,,,-1.21E-06,1.66
,,,-1.21E-06,1.66
,,,-1.20E-06,1.6799999
,,,-1.20E-06,1.6799999
,,,-1.20E-06,1.66
,,,-1.19E-06,1.66
,,,-1.19E-06,1.6799999
,,,-1.18E-06,1.66
,,,-1.18E-06,1.66
,,,-1.18E-06,1.66
,,,-1.17E-06,1.64
,,,-1.17E-06,1.66
,,,-1.16E-06,1.6799999
,,,-1.16E-06,1.66
,,,-1.16E-06,1.66
,,,-1.15E-06,1.66
,,,-1.15E-06,1.66
,,,-1.14E-06,1.6799999
,,,-1.14E-06,1.66
,,,-1.14E-06,1.6799999
,,,-1.13E-06,1.64
,,,-1.13E-06,1.66
,,,-1.12E-06,1.66
,,,-1.12E-06,1.66
,,,-1.12E-06,1.6999999
,,,-1.11E-06,1.66
,,,-1.11E-06,1.66
,,,-1.10E-06,1.6799999
,,,-1.10E-06,1.66
,,,-1.10E-06,1.66
,,,-1.09E-06,1.66
,,,-1.09E-06,1.66
,,,-1.08E-06,1.6799999
,,,-1.08E-06,1.6799999
,,,-1.08E-06,1.6799999
,,,-1.07E-06,1.6799999
,,,-1.07E-06,1.66
,,,-1.06E-06,1.66
,,,-1.06E-06,1.66
,,,-1.06E-06,1.6799999
,,,-1.05E-06,1.6799999
,,,-1.05E-06,1.66
,,,-1.04E-06,1.6799999
,,,-1.04E-06,1.64
,,,-1.04E-06,1.66
,,,-1.03E-06,1.66
,,,-1.03E-06,1.6799999
,,,-1.02E-06,1.64
,,,-1.02E-06,1.66
,,,-1.02E-06,1.64
,,,-1.01E-06,1.66
,,,-1.01E-06,1.66
,,,-1.00E-06,1.64
,,,-1.00E-06,1.6799999
,,,-9.96E-07,1.66
,,,-9.92E-07,1.66
,,,-9.88E-07,1.66
,,,-9.84E-07,1.66
,,,-9.80E-07,1.66
,,,-9.76E-07,1.6799999
,,,-9.72E-07,1.66
,,,-9.68E-07,1.6799999
,,,-9.64E-07,1.6799999
,,,-9.60E-07,1.66
,,,-9.56E-07,1.66
,,,-9.52E-07,1.64
,,,-9.48E-07,1.64
,,,-9.44E-07,1.62
,,,-9.40E-07,1.62
,,,-9.36E-07,1.62
,,,-9.32E-07,1.5799999
,,,-9.28E-07,1.5799999
,,,-9.24E-07,1.5799999
,,,-9.20E-07,1.5799999
,,,-9.16E-07,1.5999999
,,,-9.12E-07,1.54
,,,-9.08E-07,1.5599999
,,,-9.04E-07,1.5599999
,,,-9.00E-07,1.5799999
,,,-8.96E-07,1.54
,,,-8.92E-07,1.5599999
,,,-8.88E-07,1.54
,,,-8.84E-07,1.54
,,,-8.80E-07,1.54
,,,-8.76E-07,1.52
,,,-8.72E-07,1.54
,,,-8.68E-07,1.5
,,,-8.64E-07,1.5
,,,-8.60E-07,1.5
,,,-8.56E-07,1.5
,,,-8.52E-07,1.5
,,,-8.48E-07,1.5
,,,-8.44E-07,1.52
,,,-8.40E-07,1.48
,,,-8.36E-07,1.48
,,,-8.32E-07,1.48
,,,-8.28E-07,1.4599999
,,,-8.24E-07,1.48
,,,-8.20E-07,1.4399999
,,,-8.16E-07,1.4399999
,,,-8.12E-07,1.4399999
,,,-8.08E-07,1.4399999
,,,-8.04E-07,1.4399999
,,,-8.00E-07,1.42
,,,-7.96E-07,1.4399999
,,,-7.92E-07,1.42
,,,-7.88E-07,1.4399999
,,,-7.84E-07,1.42
,,,-7.80E-07,1.4
,,,-7.76E-07,1.4
,,,-7.72E-07,1.4
,,,-7.68E-07,1.42
,,,-7.64E-07,1.4
,,,-7.60E-07,1.38
,,,-7.56E-07,1.4
,,,-7.52E-07,1.38
,,,-7.48E-07,1.3399999
,,,-7.44E-07,1.3399999
,,,-7.40E-07,1.38
,,,-7.36E-07,1.36
,,,-7.32E-07,1.36
,,,-7.28E-07,1.3
,,,-7.24E-07,1.3199999
,,,-7.20E-07,1.3399999
,,,-7.16E-07,1.3399999
,,,-7.12E-07,1.3199999
,,,-7.08E-07,1.28
,,,-7.04E-07,1.3199999
,,,-7.00E-07,1.3199999
,,,-6.96E-07,1.3199999
,,,-6.92E-07,1.3
,,,-6.88E-07,1.3
,,,-6.84E-07,1.3199999
,,,-6.80E-07,1.3
,,,-6.76E-07,1.28
,,,-6.72E-07,1.28
,,,-6.68E-07,1.26
,,,-6.64E-07,1.28
,,,-6.60E-07,1.28
,,,-6.56E-07,1.26
,,,-6.52E-07,1.26
,,,-6.48E-07,1.24
,,,-6.44E-07,1.26
,,,-6.40E-07,1.24
,,,-6.36E-07,1.26
,,,-6.32E-07,1.22
,,,-6.28E-07,1.1999999
,,,-6.24E-07,1.22
,,,-6.20E-07,1.22
,,,-6.16E-07,1.1999999
,,,-6.12E-07,1.22
,,,-6.08E-07,1.22
,,,-6.04E-07,1.1999999
,,,-6.00E-07,1.1799999
,,,-5.96E-07,1.1799999
,,,-5.92E-07,1.1999999
,,,-5.88E-07,1.1999999
,,,-5.84E-07,1.1799999
,,,-5.80E-07,1.16
,,,-5.76E-07,1.16
,,,-5.72E-07,1.16
,,,-5.68E-07,1.1799999
,,,-5.64E-07,1.14
,,,-5.60E-07,1.16
,,,-5.56E-07,1.14
,,,-5.52E-07,1.14
,,,-5.48E-07,1.14
,,,-5.44E-07,1.14
,,,-5.40E-07,1.14
,,,-5.36E-07,1.14
,,,-5.32E-07,1.12
,,,-5.28E-07,1.12
,,,-5.24E-07,1.12
,,,-5.20E-07,1.12
,,,-5.16E-07,1.1
,,,-5.12E-07,1.12
,,,-5.08E-07,1.12
,,,-5.04E-07,1.1
,,,-5.00E-07,1.12
,,,-4.96E-07,1.12
,,,-4.92E-07,1.1
,,,-4.88E-07,1.0599999
,,,-4.84E-07,1.0599999
,,,-4.80E-07,1.0799999
,,,-4.76E-07,1.0799999
,,,-4.72E-07,1.0799999
,,,-4.68E-07,1.0799999
,,,-4.64E-07,1.0599999
,,,-4.60E-07,1.0799999
,,,-4.56E-07,1.0599999
,,,-4.52E-07,1.04
,,,-4.48E-07,1.04
,,,-4.44E-07,1.04
,,,-4.40E-07,1.04
,,,-4.36E-07,1
,,,-4.32E-07,1.02
,,,-4.28E-07,1.02
,,,-4.24E-07,1.02
,,,-4.20E-07,1.02
,,,-4.16E-07,1.04
,,,-4.12E-07,1
,,,-4.08E-07,1
,,,-4.04E-07,1
,,,-4.00E-07,9.80E-01
,,,-3.96E-07,1
,,,-3.92E-07,1
,,,-3.88E-07,9.80E-01
,,,-3.84E-07,9.60E-01
,,,-3.80E-07,9.80E-01
,,,-3.76E-07,9.60E-01
,,,-3.72E-07,9.80E-01
,,,-3.68E-07,9.60E-01
,,,-3.64E-07,9.80E-01
,,,-3.60E-07,9.80E-01
,,,-3.56E-07,9.60E-01
,,,-3.52E-07,9.40E-01
,,,-3.48E-07,9.40E-01
,,,-3.44E-07,9.60E-01
,,,-3.40E-07,9.40E-01
,,,-3.36E-07,9.40E-01
,,,-3.32E-07,9.20E-01
,,,-3.28E-07,9.20E-01
,,,-3.24E-07,9.40E-01
,,,-3.20E-07,9.40E-01
,,,-3.16E-07,9.00E-01
,,,-3.12E-07,9.20E-01
,,,-3.08E-07,8.80E-01
,,,-3.04E-07,9.20E-01
,,,-3.00E-07,9.20E-01
,,,-2.96E-07,9.00E-01
,,,-2.92E-07,8.80E-01
,,,-2.88E-07,9.00E-01
,,,-2.84E-07,9.00E-01
,,,-2.80E-07,8.80E-01
,,,-2.76E-07,9.00E-01
,,,-2.72E-07,8.80E-01
,,,-2.68E-07,8.80E-01
,,,-2.64E-07,8.80E-01
,,,-2.60E-07,8.80E-01
,,,-2.56E-07,8.80E-01
,,,-2.52E-07,8.80E-01
,,,-2.48E-07,8.80E-01
,,,-2.44E-07,8.60E-01
,,,-2.40E-07,8.60E-01
,,,-2.36E-07,8.60E-01
,,,-2.32E-07,8.40E-01
,,,-2.28E-07,8.60E-01
,,,-2.24E-07,8.40E-01
,,,-2.20E-07,8.40E-01
,,,-2.16E-07,8.40E-01
,,,-2.12E-07,8.40E-01
,,,-2.08E-07,8.40E-01
,,,-2.04E-07,8.20E-01
,,,-2.00E-07,8.40E-01
,,,-1.96E-07,8.00E-01
,,,-1.92E-07,8.20E-01
,,,-1.88E-07,8.00E-01
,,,-1.84E-07,8.00E-01
,,,-1.80E-07,8.00E-01
,,,-1.76E-07,8.20E-01
,,,-1.72E-07,8.20E-01
,,,-1.68E-07,7.80E-01
,,,-1.64E-07,8.00E-01
,,,-1.60E-07,8.00E-01
,,,-1.56E-07,7.80E-01
,,,-1.52E-07,8.00E-01
,,,-1.48E-07,8.00E-01
,,,-1.44E-07,8.00E-01
,,,-1.40E-07,7.80E-01
,,,-1.36E-07,8.00E-01
,,,-1.32E-07,7.80E-01
,,,-1.28E-07,7.80E-01
,,,-1.24E-07,8.00E-01
,,,-1.20E-07,7.80E-01
,,,-1.16E-07,8.00E-01
,,,-1.12E-07,7.60E-01
,,,-1.08E-07,7.40E-01
,,,-1.04E-07,7.60E-01
,,,-1.00E-07,7.80E-01
,,,-9.60E-08,7.60E-01
,,,-9.20E-08,7.60E-01
,,,-8.80E-08,7.40E-01
,,,-8.40E-08,7.40E-01
,,,-8.00E-08,7.20E-01
,,,-7.60E-08,7.40E-01
,,,-7.20E-08,7.40E-01
,,,-6.80E-08,7.40E-01
,,,-6.40E-08,7.40E-01
,,,-6.00E-08,7.40E-01
,,,-5.60E-08,7.20E-01
,,,-5.20E-08,7.00E-01
,,,-4.80E-08,7.00E-01
,,,-4.40E-08,7.20E-01
,,,-4.00E-08,7.20E-01
,,,-3.60E-08,7.20E-01
,,,-3.20E-08,7.20E-01
,,,-2.80E-08,6.80E-01
,,,-2.40E-08,7.00E-01
,,,-2.00E-08,6.80E-01
,,,-1.60E-08,6.80E-01
,,,-1.20E-08,6.80E-01
,,,-8.00E-09,6.80E-01
,,,-4.00E-09,7.00E-01
,,,-1.51E-14,6.80E-01
,,,4.00E-09,7.00E-01
,,,8.00E-09,6.80E-01
,,,1.20E-08,6.80E-01
,,,1.60E-08,6.80E-01
,,,2.00E-08,6.60E-01
,,,2.40E-08,6.80E-01
,,,2.80E-08,6.80E-01
,,,3.20E-08,6.80E-01
,,,3.60E-08,6.60E-01
,,,4.00E-08,6.60E-01
,,,4.40E-08,6.60E-01
,,,4.80E-08,6.60E-01
,,,5.20E-08,6.60E-01
,,,5.60E-08,6.40E-01
,,,6.00E-08,6.40E-01
,,,6.40E-08,6.60E-01
,,,6.80E-08,6.60E-01
,,,7.20E-08,6.60E-01
,,,7.60E-08,6.40E-01
,,,8.00E-08,6.20E-01
,,,8.40E-08,6.20E-01
,,,8.80E-08,6.00E-01
,,,9.20E-08,6.20E-01
,,,9.60E-08,6.40E-01
,,,1.00E-07,6.40E-01
,,,1.04E-07,6.20E-01
,,,1.08E-07,6.20E-01
,,,1.12E-07,6.40E-01
,,,1.16E-07,6.20E-01
,,,1.20E-07,6.00E-01
,,,1.24E-07,6.20E-01
,,,1.28E-07,6.20E-01
,,,1.32E-07,6.00E-01
,,,1.36E-07,5.80E-01
,,,1.40E-07,6.00E-01
,,,1.44E-07,5.80E-01
,,,1.48E-07,6.00E-01
,,,1.52E-07,5.80E-01
,,,1.56E-07,5.80E-01
,,,1.60E-07,5.80E-01
,,,1.64E-07,6.00E-01
,,,1.68E-07,5.80E-01
,,,1.72E-07,5.40E-01
,,,1.76E-07,5.80E-01
,,,1.80E-07,5.80E-01
,,,1.84E-07,5.80E-01
,,,1.88E-07,5.60E-01
,,,1.92E-07,5.60E-01
,,,1.96E-07,5.60E-01
,,,2.00E-07,5.40E-01
,,,2.04E-07,5.60E-01
,,,2.08E-07,5.40E-01
,,,2.12E-07,5.40E-01
,,,2.16E-07,5.40E-01
,,,2.20E-07,5.60E-01
,,,2.24E-07,5.40E-01
,,,2.28E-07,5.40E-01
,,,2.32E-07,5.60E-01
,,,2.36E-07,5.60E-01
,,,2.40E-07,5.20E-01
,,,2.44E-07,5.60E-01
,,,2.48E-07,5.40E-01
,,,2.52E-07,5.60E-01
,,,2.56E-07,5.40E-01
,,,2.60E-07,5.40E-01
,,,2.64E-07,5.20E-01
,,,2.68E-07,5.20E-01
,,,2.72E-07,5.20E-01
,,,2.76E-07,5.20E-01
,,,2.80E-07,5.40E-01
,,,2.84E-07,5.20E-01
,,,2.88E-07,5.20E-01
,,,2.92E-07,5.20E-01
,,,2.96E-07,5.20E-01
,,,3.00E-07,5.20E-01
,,,3.04E-07,5.00E-01
,,,3.08E-07,5.20E-01
,,,3.12E-07,5.00E-01
,,,3.16E-07,5.20E-01
,,,3.20E-07,5.00E-01
,,,3.24E-07,5.20E-01
,,,3.28E-07,4.80E-01
,,,3.32E-07,5.00E-01
,,,3.36E-07,4.80E-01
,,,3.40E-07,4.80E-01
,,,3.44E-07,5.00E-01
,,,3.48E-07,5.00E-01
,,,3.52E-07,5.00E-01
,,,3.56E-07,4.80E-01
,,,3.60E-07,4.80E-01
,,,3.64E-07,4.80E-01
,,,3.68E-07,4.80E-01
,,,3.72E-07,4.80E-01
,,,3.76E-07,4.80E-01
,,,3.80E-07,4.80E-01
,,,3.84E-07,4.60E-01
,,,3.88E-07,4.60E-01
,,,3.92E-07,4.60E-01
,,,3.96E-07,4.60E-01
,,,4.00E-07,4.60E-01
,,,4.04E-07,4.80E-01
,,,4.08E-07,4.60E-01
,,,4.12E-07,4.40E-01
,,,4.16E-07,4.60E-01
,,,4.20E-07,4.60E-01
,,,4.24E-07,4.60E-01
,,,4.28E-07,4.60E-01
,,,4.32E-07,4.40E-01
,,,4.36E-07,4.60E-01
,,,4.40E-07,4.40E-01
,,,4.44E-07,4.40E-01
,,,4.48E-07,4.60E-01
,,,4.52E-07,4.60E-01
,,,4.56E-07,4.40E-01
,,,4.60E-07,4.40E-01
,,,4.64E-07,4.40E-01
,,,4.68E-07,4.40E-01
,,,4.72E-07,4.40E-01
,,,4.76E-07,4.40E-01
,,,4.80E-07,4.20E-01
,,,4.84E-07,4.40E-01
,,,4.88E-07,4.40E-01
,,,4.92E-07,4.20E-01
,,,4.96E-07,4.20E-01
,,,5.00E-07,4.20E-01
,,,5.04E-07,4.40E-01
,,,5.08E-07,4.00E-01
,,,5.12E-07,4.20E-01
,,,5.16E-07,4.20E-01
,,,5.20E-07,4.20E-01
,,,5.24E-07,4.00E-01
,,,5.28E-07,4.40E-01
,,,5.32E-07,4.20E-01
,,,5.36E-07,4.20E-01
,,,5.40E-07,4.00E-01
,,,5.44E-07,3.80E-01
,,,5.48E-07,4.00E-01
,,,5.52E-07,4.00E-01
,,,5.56E-07,4.00E-01
,,,5.60E-07,4.00E-01
,,,5.64E-07,4.00E-01
,,,5.68E-07,3.80E-01
,,,5.72E-07,3.80E-01
,,,5.76E-07,3.60E-01
,,,5.80E-07,3.80E-01
,,,5.84E-07,3.80E-01
,,,5.88E-07,3.60E-01
,,,5.92E-07,3.80E-01
,,,5.96E-07,3.80E-01
,,,6.00E-07,3.80E-01
,,,6.04E-07,3.60E-01
,,,6.08E-07,3.60E-01
,,,6.12E-07,4.00E-01
,,,6.16E-07,3.80E-01
,,,6.20E-07,4.00E-01
,,,6.24E-07,3.60E-01
,,,6.28E-07,3.80E-01
,,,6.32E-07,3.60E-01
,,,6.36E-07,3.40E-01
,,,6.40E-07,3.60E-01
,,,6.44E-07,3.80E-01
,,,6.48E-07,3.80E-01
,,,6.52E-07,3.60E-01
,,,6.56E-07,3.40E-01
,,,6.60E-07,3.60E-01
,,,6.64E-07,3.60E-01
,,,6.68E-07,3.60E-01
,,,6.72E-07,3.40E-01
,,,6.76E-07,3.60E-01
,,,6.80E-07,3.40E-01
,,,6.84E-07,3.40E-01
,,,6.88E-07,3.40E-01
,,,6.92E-07,3.40E-01
,,,6.96E-07,3.40E-01
,,,7.00E-07,3.40E-01
,,,7.04E-07,3.40E-01
,,,7.08E-07,3.20E-01
,,,7.12E-07,3.60E-01
,,,7.16E-07,3.40E-01
,,,7.20E-07,3.20E-01
,,,7.24E-07,3.40E-01
,,,7.28E-07,3.20E-01
,,,7.32E-07,3.40E-01
,,,7.36E-07,3.20E-01
,,,7.40E-07,3.40E-01
,,,7.44E-07,3.40E-01
,,,7.48E-07,3.20E-01
,,,7.52E-07,3.00E-01
,,,7.56E-07,3.20E-01
,,,7.60E-07,3.20E-01
,,,7.64E-07,3.20E-01
,,,7.68E-07,3.00E-01
,,,7.72E-07,3.00E-01
,,,7.76E-07,3.20E-01
,,,7.80E-07,3.20E-01
,,,7.84E-07,3.20E-01
,,,7.88E-07,3.20E-01
,,,7.92E-07,3.00E-01
,,,7.96E-07,3.20E-01
,,,8.00E-07,3.00E-01
,,,8.04E-07,3.20E-01
,,,8.08E-07,3.00E-01
,,,8.12E-07,3.20E-01
,,,8.16E-07,3.20E-01
,,,8.20E-07,3.20E-01
,,,8.24E-07,3.20E-01
,,,8.28E-07,3.00E-01
,,,8.32E-07,3.00E-01
,,,8.36E-07,3.00E-01
,,,8.40E-07,2.80E-01
,,,8.44E-07,3.00E-01
,,,8.48E-07,3.20E-01
,,,8.52E-07,3.00E-01
,,,8.56E-07,2.60E-01
,,,8.60E-07,3.00E-01
,,,8.64E-07,3.00E-01
,,,8.68E-07,2.80E-01
,,,8.72E-07,3.00E-01
,,,8.76E-07,2.80E-01
,,,8.80E-07,2.80E-01
,,,8.84E-07,2.80E-01
,,,8.88E-07,2.80E-01
,,,8.92E-07,3.00E-01
,,,8.96E-07,2.80E-01
,,,9.00E-07,2.80E-01
,,,9.04E-07,2.80E-01
,,,9.08E-07,2.80E-01
,,,9.12E-07,2.80E-01
,,,9.16E-07,2.60E-01
,,,9.20E-07,2.80E-01
,,,9.24E-07,2.80E-01
,,,9.28E-07,2.60E-01
,,,9.32E-07,2.80E-01
,,,9.36E-07,2.80E-01
,,,9.40E-07,2.80E-01
,,,9.44E-07,2.60E-01
,,,9.48E-07,2.60E-01
,,,9.52E-07,2.60E-01
,,,9.56E-07,2.60E-01
,,,9.60E-07,2.60E-01
,,,9.64E-07,2.60E-01
,,,9.68E-07,2.60E-01
,,,9.72E-07,2.40E-01
,,,9.76E-07,2.40E-01
,,,9.80E-07,2.60E-01
,,,9.84E-07,2.60E-01
,,,9.88E-07,2.60E-01
,,,9.92E-07,2.60E-01
,,,9.96E-07,2.80E-01
,,,1.00E-06,2.20E-01
,,,1.00E-06,2.60E-01
,,,1.01E-06,2.40E-01
,,,1.01E-06,2.40E-01
,,,1.02E-06,2.40E-01
,,,1.02E-06,2.60E-01
,,,1.02E-06,2.60E-01
,,,1.03E-06,2.60E-01
,,,1.03E-06,2.40E-01
,,,1.04E-06,2.60E-01
,,,1.04E-06,2.60E-01
,,,1.04E-06,2.40E-01
,,,1.05E-06,2.60E-01
,,,1.05E-06,2.40E-01
,,,1.06E-06,2.40E-01
,,,1.06E-06,2.40E-01
,,,1.06E-06,2.20E-01
,,,1.07E-06,2.20E-01
,,,1.07E-06,2.40E-01
,,,1.08E-06,2.00E-01
,,,1.08E-06,2.20E-01
,,,1.08E-06,2.20E-01
,,,1.09E-06,2.60E-01
,,,1.09E-06,2.40E-01
,,,1.10E-06,2.40E-01
,,,1.10E-06,2.20E-01
,,,1.10E-06,2.20E-01
,,,1.11E-06,2.20E-01
,,,1.11E-06,2.20E-01
,,,1.12E-06,2.20E-01
,,,1.12E-06,2.00E-01
,,,1.12E-06,2.20E-01
,,,1.13E-06,2.20E-01
,,,1.13E-06,2.00E-01
,,,1.14E-06,2.00E-01
,,,1.14E-06,2.20E-01
,,,1.14E-06,2.20E-01
,,,1.15E-06,2.00E-01
,,,1.15E-06,2.20E-01
,,,1.16E-06,2.20E-01
,,,1.16E-06,2.20E-01
,,,1.16E-06,2.20E-01
,,,1.17E-06,2.00E-01
,,,1.17E-06,2.00E-01
,,,1.18E-06,1.80E-01
,,,1.18E-06,2.00E-01
,,,1.18E-06,2.00E-01
,,,1.19E-06,2.00E-01
,,,1.19E-06,1.80E-01
,,,1.20E-06,1.80E-01
,,,1.20E-06,2.00E-01
,,,1.20E-06,2.00E-01
,,,1.21E-06,2.00E-01
,,,1.21E-06,2.20E-01
,,,1.22E-06,2.20E-01
,,,1.22E-06,2.00E-01
,,,1.22E-06,2.20E-01
,,,1.23E-06,2.20E-01
,,,1.23E-06,1.80E-01
,,,1.24E-06,2.00E-01
,,,1.24E-06,2.00E-01
,,,1.24E-06,2.00E-01
,,,1.25E-06,1.80E-01
,,,1.25E-06,2.00E-01
,,,1.26E-06,1.80E-01
,,,1.26E-06,2.00E-01
,,,1.26E-06,1.80E-01
,,,1.27E-06,1.80E-01
,,,1.27E-06,2.00E-01
,,,1.28E-06,1.80E-01
,,,1.28E-06,1.80E-01
,,,1.28E-06,2.00E-01
,,,1.29E-06,1.80E-01
,,,1.29E-06,1.80E-01
,,,1.30E-06,1.80E-01
,,,1.30E-06,1.80E-01
,,,1.30E-06,1.80E-01
,,,1.31E-06,1.60E-01
,,,1.31E-06,1.80E-01
,,,1.32E-06,1.60E-01
,,,1.32E-06,1.60E-01
,,,1.32E-06,1.60E-01
,,,1.33E-06,1.60E-01
,,,1.33E-06,1.60E-01
,,,1.34E-06,1.60E-01
,,,1.34E-06,1.60E-01
,,,1.34E-06,1.60E-01
,,,1.35E-06,1.60E-01
,,,1.35E-06,1.80E-01
,,,1.36E-06,1.80E-01
,,,1.36E-06,1.40E-01
,,,1.36E-06,1.80E-01
,,,1.37E-06,1.60E-01
,,,1.37E-06,1.60E-01
,,,1.38E-06,1.80E-01
,,,1.38E-06,1.60E-01
,,,1.38E-06,1.60E-01
,,,1.39E-06,1.60E-01
,,,1.39E-06,1.80E-01
,,,1.40E-06,1.40E-01
,,,1.40E-06,1.60E-01
,,,1.40E-06,1.60E-01
,,,1.41E-06,1.40E-01
,,,1.41E-06,1.60E-01
,,,1.42E-06,1.60E-01
,,,1.42E-06,1.60E-01
,,,1.42E-06,1.40E-01
,,,1.43E-06,1.60E-01
,,,1.43E-06,1.80E-01
,,,1.44E-06,1.40E-01
,,,1.44E-06,1.40E-01
,,,1.44E-06,1.80E-01
,,,1.45E-06,1.60E-01
,,,1.45E-06,1.60E-01
,,,1.46E-06,1.40E-01
,,,1.46E-06,1.40E-01
,,,1.46E-06,1.20E-01
,,,1.47E-06,1.40E-01
,,,1.47E-06,1.40E-01
,,,1.48E-06,1.40E-01
,,,1.48E-06,1.40E-01
,,,1.48E-06,1.60E-01
,,,1.49E-06,1.40E-01
,,,1.49E-06,1.40E-01
,,,1.50E-06,1.60E-01
,,,1.50E-06,1.60E-01
,,,1.50E-06,1.40E-01
,,,1.51E-06,1.40E-01
,,,1.51E-06,1.40E-01
,,,1.52E-06,1.40E-01
,,,1.52E-06,1.20E-01
,,,1.52E-06,1.20E-01
,,,1.53E-06,1.40E-01
,,,1.53E-06,1.20E-01
,,,1.54E-06,1.40E-01
,,,1.54E-06,1.00E-01
,,,1.54E-06,1.20E-01
,,,1.55E-06,1.40E-01
,,,1.55E-06,1.40E-01
,,,1.56E-06,1.40E-01
,,,1.56E-06,1.40E-01
,,,1.56E-06,1.20E-01
,,,1.57E-06,1.20E-01
,,,1.57E-06,1.20E-01
,,,1.58E-06,1.20E-01
,,,1.58E-06,1.20E-01
,,,1.58E-06,1.40E-01
,,,1.59E-06,1.00E-01
,,,1.59E-06,1.20E-01
,,,1.60E-06,1.20E-01
,,,1.60E-06,1.20E-01
,,,1.60E-06,1.00E-01
,,,1.61E-06,1.40E-01
,,,1.61E-06,1.40E-01
,,,1.62E-06,1.60E-01
,,,1.62E-06,1.20E-01
,,,1.62E-06,1.20E-01
,,,1.63E-06,1.20E-01
,,,1.63E-06,1.20E-01
,,,1.64E-06,1.40E-01
,,,1.64E-06,1.40E-01
,,,1.64E-06,1.40E-01
,,,1.65E-06,1.00E-01
,,,1.65E-06,1.20E-01
,,,1.66E-06,1.20E-01
,,,1.66E-06,1.00E-01
,,,1.66E-06,1.00E-01
,,,1.67E-06,1.20E-01
,,,1.67E-06,1.20E-01
,,,1.68E-06,1.00E-01
,,,1.68E-06,1.40E-01
,,,1.68E-06,1.40E-01
,,,1.69E-06,1.00E-01
,,,1.69E-06,1.20E-01
,,,1.70E-06,1.00E-01
,,,1.70E-06,1.00E-01
,,,1.70E-06,1.20E-01
,,,1.71E-06,1.00E-01
,,,1.71E-06,1.00E-01
,,,1.72E-06,1.20E-01
,,,1.72E-06,1.00E-01
,,,1.72E-06,1.20E-01
,,,1.73E-06,1.00E-01
,,,1.73E-06,1.00E-01
,,,1.74E-06,1.00E-01
,,,1.74E-06,1.00E-01
,,,1.74E-06,1.00E-01
,,,1.75E-06,1.00E-01
,,,1.75E-06,1.00E-01
,,,1.76E-06,1.00E-01
,,,1.76E-06,1.00E-01
,,,1.76E-06,1.00E-01
,,,1.77E-06,1.20E-01
,,,1.77E-06,1.00E-01
,,,1.78E-06,1.00E-01
,,,1.78E-06,1.00E-01
,,,1.78E-06,8.00E-02
,,,1.79E-06,1.00E-01
,,,1.79E-06,8.00E-02
,,,1.80E-06,8.00E-02
,,,1.80E-06,8.00E-02
,,,1.80E-06,1.00E-01
,,,1.81E-06,8.00E-02
,,,1.81E-06,1.00E-01
,,,1.82E-06,1.20E-01
,,,1.82E-06,1.00E-01
,,,1.82E-06,8.00E-02
,,,1.83E-06,1.00E-01
,,,1.83E-06,8.00E-02
,,,1.84E-06,8.00E-02
,,,1.84E-06,8.00E-02
,,,1.84E-06,8.00E-02
,,,1.85E-06,1.00E-01
,,,1.85E-06,6.00E-02
,,,1.86E-06,1.00E-01
,,,1.86E-06,8.00E-02
,,,1.86E-06,8.00E-02
,,,1.87E-06,6.00E-02
,,,1.87E-06,8.00E-02
,,,1.88E-06,8.00E-02
,,,1.88E-06,1.00E-01
,,,1.88E-06,1.00E-01
,,,1.89E-06,6.00E-02
,,,1.89E-06,8.00E-02
,,,1.90E-06,8.00E-02
,,,1.90E-06,1.00E-01
,,,1.90E-06,4.00E-02
,,,1.91E-06,8.00E-02
,,,1.91E-06,1.00E-01
,,,1.92E-06,6.00E-02
,,,1.92E-06,1.00E-01
,,,1.92E-06,1.00E-01
,,,1.93E-06,8.00E-02
,,,1.93E-06,8.00E-02
,,,1.94E-06,6.00E-02
,,,1.94E-06,6.00E-02
,,,1.94E-06,6.00E-02
,,,1.95E-06,1.00E-01
,,,1.95E-06,6.00E-02
,,,1.96E-06,6.00E-02
,,,1.96E-06,8.00E-02
,,,1.96E-06,8.00E-02
,,,1.97E-06,6.00E-02
,,,1.97E-06,8.00E-02
,,,1.98E-06,1.00E-01
,,,1.98E-06,8.00E-02
,,,1.98E-06,6.00E-02
,,,1.99E-06,1.00E-01
,,,1.99E-06,6.00E-02
,,,2.00E-06,8.00E-02
,,,2.00E-06,6.00E-02
,,,2.00E-06,1.00E-01
,,,2.01E-06,8.00E-02
,,,2.01E-06,8.00E-02
,,,2.02E-06,8.00E-02
,,,2.02E-06,6.00E-02
,,,2.02E-06,6.00E-02
,,,2.03E-06,6.00E-02
,,,2.03E-06,6.00E-02
,,,2.04E-06,6.00E-02
,,,2.04E-06,6.00E-02
,,,2.04E-06,6.00E-02
,,,2.05E-06,6.00E-02
,,,2.05E-06,8.00E-02
,,,2.06E-06,6.00E-02
,,,2.06E-06,4.00E-02
,,,2.06E-06,6.00E-02
,,,2.07E-06,6.00E-02
,,,2.07E-06,4.00E-02
,,,2.08E-06,6.00E-02
,,,2.08E-06,6.00E-02
,,,2.08E-06,6.00E-02
,,,2.09E-06,6.00E-02
,,,2.09E-06,4.00E-02
,,,2.10E-06,4.00E-02
,,,2.10E-06,6.00E-02
,,,2.10E-06,6.00E-02
,,,2.11E-06,6.00E-02
,,,2.11E-06,6.00E-02
,,,2.12E-06,6.00E-02
,,,2.12E-06,6.00E-02
,,,2.12E-06,4.00E-02
,,,2.13E-06,6.00E-02
,,,2.13E-06,4.00E-02
,,,2.14E-06,4.00E-02
,,,2.14E-06,6.00E-02
,,,2.14E-06,6.00E-02
,,,2.15E-06,6.00E-02
,,,2.15E-06,6.00E-02
,,,2.16E-06,6.00E-02
,,,2.16E-06,8.00E-02
,,,2.16E-06,6.00E-02
,,,2.17E-06,2.00E-02
,,,2.17E-06,6.00E-02
,,,2.18E-06,4.00E-02
,,,2.18E-06,6.00E-02
,,,2.18E-06,6.00E-02
,,,2.19E-06,6.00E-02
,,,2.19E-06,4.00E-02
,,,2.20E-06,6.00E-02
,,,2.20E-06,6.00E-02
,,,2.20E-06,4.00E-02
,,,2.21E-06,4.00E-02
,,,2.21E-06,6.00E-02
,,,2.22E-06,4.00E-02
,,,2.22E-06,4.00E-02
,,,2.22E-06,2.00E-02
,,,2.23E-06,6.00E-02
,,,2.23E-06,8.00E-02
,,,2.24E-06,4.00E-02
,,,2.24E-06,4.00E-02
,,,2.24E-06,4.00E-02
,,,2.25E-06,4.00E-02
,,,2.25E-06,4.00E-02
,,,2.26E-06,4.00E-02
,,,2.26E-06,6.00E-02
,,,2.26E-06,6.00E-02
,,,2.27E-06,4.00E-02
,,,2.27E-06,4.00E-02
,,,2.28E-06,4.00E-02
,,,2.28E-06,4.00E-02
,,,2.28E-06,4.00E-02
,,,2.29E-06,2.00E-02
,,,2.29E-06,4.00E-02
,,,2.30E-06,4.00E-02
,,,2.30E-06,4.00E-02
,,,2.30E-06,6.00E-02
,,,2.31E-06,6.00E-02
,,,2.31E-06,6.00E-02
,,,2.32E-06,2.00E-02
,,,2.32E-06,4.00E-02
,,,2.32E-06,2.00E-02
,,,2.33E-06,4.00E-02
,,,2.33E-06,4.00E-02
,,,2.34E-06,4.00E-02
,,,2.34E-06,4.00E-02
,,,2.34E-06,4.00E-02
,,,2.35E-06,4.00E-02
,,,2.35E-06,4.00E-02
,,,2.36E-06,2.00E-02
,,,2.36E-06,2.00E-02
,,,2.36E-06,2.00E-02
,,,2.37E-06,4.00E-02
,,,2.37E-06,2.00E-02
,,,2.38E-06,4.00E-02
,,,2.38E-06,2.00E-02
,,,2.38E-06,6.00E-02
,,,2.39E-06,2.00E-02
,,,2.39E-06,4.00E-02
,,,2.40E-06,4.00E-02
,,,2.40E-06,8.00E-02
,,,2.40E-06,4.00E-02
,,,2.41E-06,4.00E-02
,,,2.41E-06,4.00E-02
,,,2.42E-06,4.00E-02
,,,2.42E-06,2.00E-02
,,,2.42E-06,2.00E-02
,,,2.43E-06,4.00E-02
,,,2.43E-06,2.00E-02
,,,2.44E-06,4.00E-02
,,,2.44E-06,2.00E-02
,,,2.44E-06,4.00E-02
,,,2.45E-06,2.00E-02
,,,2.45E-06,0
,,,2.46E-06,2.00E-02
,,,2.46E-06,2.00E-02
,,,2.46E-06,4.00E-02
,,,2.47E-06,2.00E-02
,,,2.47E-06,2.00E-02
,,,2.48E-06,2.00E-02
,,,2.48E-06,4.00E-02
,,,2.48E-06,2.00E-02
,,,2.49E-06,4.00E-02
,,,2.49E-06,2.00E-02
,,,2.50E-06,2.00E-02
,,,2.50E-06,2.00E-02
,,,2.50E-06,2.00E-02
,,,2.51E-06,4.00E-02
,,,2.51E-06,0
,,,2.52E-06,2.00E-02
,,,2.52E-06,2.00E-02
,,,2.52E-06,2.00E-02
,,,2.53E-06,2.00E-02
,,,2.53E-06,2.00E-02
,,,2.54E-06,4.00E-02
,,,2.54E-06,4.00E-02
,,,2.54E-06,2.00E-02
,,,2.55E-06,2.00E-02
,,,2.55E-06,0
,,,2.56E-06,0
,,,2.56E-06,2.00E-02
,,,2.56E-06,2.00E-02
,,,2.57E-06,2.00E-02
,,,2.57E-06,2.00E-02
,,,2.58E-06,2.00E-02
,,,2.58E-06,2.00E-02
,,,2.58E-06,2.00E-02
,,,2.59E-06,2.00E-02
,,,2.59E-06,2.00E-02
,,,2.60E-06,0
,,,2.60E-06,2.00E-02
,,,2.60E-06,2.00E-02
,,,2.61E-06,2.00E-02
,,,2.61E-06,0
,,,2.62E-06,2.00E-02
,,,2.62E-06,2.00E-02
,,,2.62E-06,0
,,,2.63E-06,2.00E-02
,,,2.63E-06,2.00E-02
,,,2.64E-06,0
,,,2.64E-06,0
,,,2.64E-06,0
,,,2.65E-06,2.00E-02
,,,2.65E-06,0
,,,2.66E-06,2.00E-02
,,,2.66E-06,2.00E-02
,,,2.66E-06,0
,,,2.67E-06,2.00E-02
,,,2.67E-06,4.00E-02
,,,2.68E-06,2.00E-02
,,,2.68E-06,0
,,,2.68E-06,2.00E-02
,,,2.69E-06,2.00E-02
,,,2.69E-06,2.00E-02
,,,2.70E-06,2.00E-02
,,,2.70E-06,4.00E-02
,,,2.70E-06,0
,,,2.71E-06,0
,,,2.71E-06,2.00E-02
,,,2.72E-06,2.00E-02
,,,2.72E-06,2.00E-02
,,,2.72E-06,2.00E-02
,,,2.73E-06,0
,,,2.73E-06,0
,,,2.74E-06,2.00E-02
,,,2.74E-06,0
,,,2.74E-06,2.00E-02
,,,2.75E-06,0
,,,2.75E-06,2.00E-02
,,,2.76E-06,0
,,,2.76E-06,-2.00E-02
,,,2.76E-06,2.00E-02
,,,2.77E-06,2.00E-02
,,,2.77E-06,0
,,,2.78E-06,2.00E-02
,,,2.78E-06,2.00E-02
,,,2.78E-06,0
,,,2.79E-06,0
,,,2.79E-06,0
,,,2.80E-06,2.00E-02
,,,2.80E-06,0
,,,2.80E-06,2.00E-02
,,,2.81E-06,2.00E-02
,,,2.81E-06,0
,,,2.82E-06,0
,,,2.82E-06,0
,,,2.82E-06,0
,,,2.83E-06,0
,,,2.83E-06,0
,,,2.84E-06,0
,,,2.84E-06,2.00E-02
,,,2.84E-06,2.00E-02
,,,2.85E-06,0
,,,2.85E-06,0
,,,2.86E-06,2.00E-02
,,,2.86E-06,2.00E-02
,,,2.86E-06,0
,,,2.87E-06,2.00E-02
,,,2.87E-06,0
,,,2.88E-06,2.00E-02
,,,2.88E-06,2.00E-02
,,,2.88E-06,0
,,,2.89E-06,2.00E-02
,,,2.89E-06,2.00E-02
,,,2.90E-06,-2.00E-02
,,,2.90E-06,2.00E-02
,,,2.90E-06,0
,,,2.91E-06,-2.00E-02
,,,2.91E-06,2.00E-02
,,,2.92E-06,0
,,,2.92E-06,0
,,,2.92E-06,0
,,,2.93E-06,0
,,,2.93E-06,0
,,,2.94E-06,-2.00E-02
,,,2.94E-06,-2.00E-02
,,,2.94E-06,-2.00E-02
,,,2.95E-06,-2.00E-02
,,,2.95E-06,0
,,,2.96E-06,0
,,,2.96E-06,0
,,,2.96E-06,0
,,,2.97E-06,0
,,,2.97E-06,-2.00E-02
,,,2.98E-06,0
,,,2.98E-06,0
,,,2.98E-06,0
,,,2.99E-06,0
,,,2.99E-06,-4.00E-02
,,,3.00E-06,0
,,,3.00E-06,0
,,,3.00E-06,0
,,,3.01E-06,0
,,,3.01E-06,0
,,,3.02E-06,-2.00E-02
,,,3.02E-06,0
,,,3.02E-06,0
,,,3.03E-06,-2.00E-02
,,,3.03E-06,2.00E-02
,,,3.04E-06,-2.00E-02
,,,3.04E-06,-2.00E-02
,,,3.04E-06,-2.00E-02
,,,3.05E-06,-2.00E-02
,,,3.05E-06,0
,,,3.06E-06,0
,,,3.06E-06,-2.00E-02
,,,3.06E-06,-2.00E-02
,,,3.07E-06,0
,,,3.07E-06,0
,,,3.08E-06,0
,,,3.08E-06,-2.00E-02
,,,3.08E-06,-2.00E-02
,,,3.09E-06,2.00E-02
,,,3.09E-06,-2.00E-02
,,,3.10E-06,-2.00E-02
,,,3.10E-06,0
,,,3.10E-06,-2.00E-02
,,,3.11E-06,0
,,,3.11E-06,0
,,,3.12E-06,0
,,,3.12E-06,-2.00E-02
,,,3.12E-06,0
,,,3.13E-06,0
,,,3.13E-06,2.00E-02
,,,3.14E-06,-4.00E-02
,,,3.14E-06,0
,,,3.14E-06,0
,,,3.15E-06,0
,,,3.15E-06,0
,,,3.16E-06,0
,,,3.16E-06,0
,,,3.16E-06,-2.00E-02
,,,3.17E-06,-2.00E-02
,,,3.17E-06,-4.00E-02
,,,3.18E-06,-2.00E-02
,,,3.18E-06,0
,,,3.18E-06,-2.00E-02
,,,3.19E-06,-4.00E-02
,,,3.19E-06,-2.00E-02
,,,3.20E-06,-2.00E-02
,,,3.20E-06,0
,,,3.20E-06,2.00E-02
,,,3.21E-06,-2.00E-02
,,,3.21E-06,-2.00E-02
,,,3.22E-06,-2.00E-02
,,,3.22E-06,-2.00E-02
,,,3.22E-06,-2.00E-02
,,,3.23E-06,-2.00E-02
,,,3.23E-06,0
,,,3.24E-06,0
,,,3.24E-06,-2.00E-02
,,,3.24E-06,-2.00E-02
,,,3.25E-06,-2.00E-02
,,,3.25E-06,-2.00E-02
,,,3.26E-06,0
,,,3.26E-06,0
,,,3.26E-06,-2.00E-02
,,,3.27E-06,-2.00E-02
,,,3.27E-06,-2.00E-02
,,,3.28E-06,2.00E-02
,,,3.28E-06,-2.00E-02
,,,3.28E-06,-2.00E-02
,,,3.29E-06,-4.00E-02
,,,3.29E-06,0
,,,3.30E-06,0
,,,3.30E-06,0
,,,3.30E-06,-2.00E-02
,,,3.31E-06,0
,,,3.31E-06,-2.00E-02
,,,3.32E-06,0
,,,3.32E-06,-2.00E-02
,,,3.32E-06,-2.00E-02
,,,3.33E-06,-2.00E-02
,,,3.33E-06,0
,,,3.34E-06,-2.00E-02
,,,3.34E-06,0
,,,3.34E-06,-2.00E-02
,,,3.35E-06,-2.00E-02
,,,3.35E-06,0
,,,3.36E-06,0
,,,3.36E-06,0
,,,3.36E-06,-2.00E-02
,,,3.37E-06,-2.00E-02
,,,3.37E-06,-2.00E-02
,,,3.38E-06,-2.00E-02
,,,3.38E-06,0
,,,3.38E-06,0
,,,3.39E-06,-2.00E-02
,,,3.39E-06,-2.00E-02
,,,3.40E-06,-2.00E-02
,,,3.40E-06,-2.00E-02
,,,3.40E-06,-2.00E-02
,,,3.41E-06,-2.00E-02
,,,3.41E-06,0
,,,3.42E-06,-2.00E-02
,,,3.42E-06,-2.00E-02
,,,3.42E-06,-2.00E-02
,,,3.43E-06,-2.00E-02
,,,3.43E-06,-2.00E-02
,,,3.44E-06,-2.00E-02
,,,3.44E-06,-2.00E-02
,,,3.44E-06,-4.00E-02
,,,3.45E-06,-2.00E-02
,,,3.45E-06,-2.00E-02
,,,3.46E-06,0
,,,3.46E-06,-2.00E-02
,,,3.46E-06,-2.00E-02
,,,3.47E-06,-2.00E-02
,,,3.47E-06,-2.00E-02
,,,3.48E-06,-4.00E-02
,,,3.48E-06,-2.00E-02
,,,3.48E-06,-2.00E-02
,,,3.49E-06,-4.00E-02
,,,3.49E-06,0
,,,3.50E-06,-2.00E-02
,,,3.50E-06,-4.00E-02
,,,3.50E-06,-4.00E-02
,,,3.51E-06,0
,,,3.51E-06,-2.00E-02
,,,3.52E-06,-2.00E-02
,,,3.52E-06,-2.00E-02
,,,3.52E-06,-2.00E-02
,,,3.53E-06,0
,,,3.53E-06,-2.00E-02
,,,3.54E-06,-2.00E-02
,,,3.54E-06,-2.00E-02
,,,3.54E-06,-2.00E-02
,,,3.55E-06,-4.00E-02
,,,3.55E-06,-2.00E-02
,,,3.56E-06,-2.00E-02
,,,3.56E-06,-4.00E-02
,,,3.56E-06,-2.00E-02
,,,3.57E-06,-2.00E-02
,,,3.57E-06,-4.00E-02
,,,3.58E-06,-2.00E-02
,,,3.58E-06,0
,,,3.58E-06,-4.00E-02
,,,3.59E-06,-2.00E-02
,,,3.59E-06,-4.00E-02
,,,3.60E-06,-2.00E-02
,,,3.60E-06,-2.00E-02
,,,3.60E-06,-2.00E-02
,,,3.61E-06,-2.00E-02
,,,3.61E-06,-4.00E-02
,,,3.62E-06,-2.00E-02
,,,3.62E-06,-4.00E-02
,,,3.62E-06,0
,,,3.63E-06,-4.00E-02
,,,3.63E-06,-2.00E-02
,,,3.64E-06,-2.00E-02
,,,3.64E-06,-6.00E-02
,,,3.64E-06,-2.00E-02
,,,3.65E-06,-2.00E-02
,,,3.65E-06,-2.00E-02
,,,3.66E-06,-4.00E-02
,,,3.66E-06,0
,,,3.66E-06,-4.00E-02
,,,3.67E-06,-2.00E-02
,,,3.67E-06,-2.00E-02
,,,3.68E-06,-2.00E-02
,,,3.68E-06,-4.00E-02
,,,3.68E-06,-4.00E-02
,,,3.69E-06,-2.00E-02
,,,3.69E-06,-4.00E-02
,,,3.70E-06,-2.00E-02
,,,3.70E-06,-4.00E-02
,,,3.70E-06,-2.00E-02
,,,3.71E-06,-2.00E-02
,,,3.71E-06,-2.00E-02
,,,3.72E-06,-2.00E-02
,,,3.72E-06,0
,,,3.72E-06,-2.00E-02
,,,3.73E-06,-4.00E-02
,,,3.73E-06,-2.00E-02
,,,3.74E-06,-2.00E-02
,,,3.74E-06,-4.00E-02
,,,3.74E-06,-4.00E-02
,,,3.75E-06,-4.00E-02
,,,3.75E-06,-6.00E-02
,,,3.76E-06,-6.00E-02
,,,3.76E-06,-6.00E-02
,,,3.76E-06,-4.00E-02
,,,3.77E-06,-2.00E-02
,,,3.77E-06,-4.00E-02
,,,3.78E-06,-2.00E-02
,,,3.78E-06,-4.00E-02
,,,3.78E-06,-2.00E-02
,,,3.79E-06,-2.00E-02
,,,3.79E-06,-2.00E-02
,,,3.80E-06,-2.00E-02
,,,3.80E-06,-2.00E-02
,,,3.80E-06,-6.00E-02
,,,3.81E-06,-2.00E-02
,,,3.81E-06,-4.00E-02
,,,3.82E-06,-4.00E-02
,,,3.82E-06,-4.00E-02
,,,3.82E-06,-4.00E-02
,,,3.83E-06,-2.00E-02
,,,3.83E-06,-4.00E-02
,,,3.84E-06,-4.00E-02
,,,3.84E-06,-4.00E-02
,,,3.84E-06,-6.00E-02
,,,3.85E-06,-4.00E-02
,,,3.85E-06,-6.00E-02
,,,3.86E-06,-2.00E-02
,,,3.86E-06,-2.00E-02
,,,3.86E-06,-2.00E-02
,,,3.87E-06,-4.00E-02
,,,3.87E-06,-2.00E-02
,,,3.88E-06,-4.00E-02
,,,3.88E-06,-2.00E-02
,,,3.88E-06,-4.00E-02
,,,3.89E-06,-2.00E-02
,,,3.89E-06,-4.00E-02
,,,3.90E-06,-4.00E-02
,,,3.90E-06,-2.00E-02
,,,3.90E-06,-2.00E-02
,,,3.91E-06,-4.00E-02
,,,3.91E-06,-4.00E-02
,,,3.92E-06,-4.00E-02
,,,3.92E-06,-6.00E-02
,,,3.92E-06,-2.00E-02
,,,3.93E-06,-4.00E-02
,,,3.93E-06,-4.00E-02
,,,3.94E-06,-2.00E-02
,,,3.94E-06,-4.00E-02
,,,3.94E-06,-4.00E-02
,,,3.95E-06,-4.00E-02
,,,3.95E-06,-2.00E-02
,,,3.96E-06,-4.00E-02
,,,3.96E-06,-4.00E-02
,,,3.96E-06,-4.00E-02
,,,3.97E-06,-4.00E-02
,,,3.97E-06,-2.00E-02
,,,3.98E-06,-4.00E-02
,,,3.98E-06,-2.00E-02
,,,3.98E-06,0
,,,3.99E-06,-4.00E-02
,,,3.99E-06,-6.00E-02
,,,4.00E-06,-4.00E-02
,,,4.00E-06,-2.00E-02
,,,4.00E-06,-4.00E-02
,,,4.01E-06,-6.00E-02
,,,4.01E-06,-2.00E-02
,,,4.02E-06,-4.00E-02
,,,4.02E-06,-4.00E-02
,,,4.02E-06,-6.00E-02
,,,4.03E-06,-4.00E-02
,,,4.03E-06,-2.00E-02
,,,4.04E-06,-4.00E-02
,,,4.04E-06,-4.00E-02
,,,4.04E-06,-4.00E-02
,,,4.05E-06,-4.00E-02
,,,4.05E-06,-2.00E-02
,,,4.06E-06,-4.00E-02
,,,4.06E-06,-4.00E-02
,,,4.06E-06,-2.00E-02
,,,4.07E-06,-2.00E-02
,,,4.07E-06,-4.00E-02
,,,4.08E-06,-4.00E-02
,,,4.08E-06,-4.00E-02
,,,4.08E-06,-4.00E-02
,,,4.09E-06,-4.00E-02
,,,4.09E-06,-4.00E-02
,,,4.10E-06,-4.00E-02
,,,4.10E-06,-4.00E-02
,,,4.10E-06,-4.00E-02
,,,4.11E-06,-4.00E-02
,,,4.11E-06,-6.00E-02
,,,4.12E-06,-4.00E-02
,,,4.12E-06,-4.00E-02
,,,4.12E-06,-2.00E-02
,,,4.13E-06,-4.00E-02
,,,4.13E-06,-4.00E-02
,,,4.14E-06,-2.00E-02
,,,4.14E-06,-4.00E-02
,,,4.14E-06,-2.00E-02
,,,4.15E-06,-6.00E-02
,,,4.15E-06,-4.00E-02
,,,4.16E-06,-4.00E-02
,,,4.16E-06,-4.00E-02
,,,4.16E-06,-4.00E-02
,,,4.17E-06,-2.00E-02
,,,4.17E-06,-2.00E-02
,,,4.18E-06,-4.00E-02
,,,4.18E-06,-4.00E-02
,,,4.18E-06,-2.00E-02
,,,4.19E-06,-4.00E-02
,,,4.19E-06,-4.00E-02
,,,4.20E-06,-4.00E-02
,,,4.20E-06,-4.00E-02
,,,4.20E-06,-4.00E-02
,,,4.21E-06,-4.00E-02
,,,4.21E-06,-2.00E-02
,,,4.22E-06,-4.00E-02
,,,4.22E-06,-4.00E-02
,,,4.22E-06,-6.00E-02
,,,4.23E-06,-4.00E-02
,,,4.23E-06,-4.00E-02
,,,4.24E-06,-8.00E-02
,,,4.24E-06,-4.00E-02
,,,4.24E-06,-4.00E-02
,,,4.25E-06,-4.00E-02
,,,4.25E-06,-4.00E-02
,,,4.26E-06,-2.00E-02
,,,4.26E-06,-6.00E-02
,,,4.26E-06,-4.00E-02
,,,4.27E-06,-6.00E-02
,,,4.27E-06,-6.00E-02
,,,4.28E-06,-4.00E-02
,,,4.28E-06,-4.00E-02
,,,4.28E-06,-2.00E-02
,,,4.29E-06,-4.00E-02
,,,4.29E-06,-2.00E-02
,,,4.30E-06,-4.00E-02
,,,4.30E-06,-2.00E-02
,,,4.30E-06,-4.00E-02
,,,4.31E-06,-6.00E-02
,,,4.31E-06,-4.00E-02
,,,4.32E-06,-4.00E-02
,,,4.32E-06,-4.00E-02
,,,4.32E-06,-2.00E-02
,,,4.33E-06,-2.00E-02
,,,4.33E-06,-2.00E-02
,,,4.34E-06,-4.00E-02
,,,4.34E-06,-6.00E-02
,,,4.34E-06,-4.00E-02
,,,4.35E-06,-4.00E-02
,,,4.35E-06,-4.00E-02
,,,4.36E-06,-4.00E-02
,,,4.36E-06,-6.00E-02
,,,4.36E-06,-4.00E-02
,,,4.37E-06,-4.00E-02
,,,4.37E-06,-4.00E-02
,,,4.38E-06,-4.00E-02
,,,4.38E-06,-2.00E-02
,,,4.38E-06,-6.00E-02
,,,4.39E-06,-4.00E-02
,,,4.39E-06,-4.00E-02
,,,4.40E-06,-6.00E-02
,,,4.40E-06,-6.00E-02
,,,4.40E-06,-6.00E-02
,,,4.41E-06,-4.00E-02
,,,4.41E-06,-2.00E-02
,,,4.42E-06,-4.00E-02
,,,4.42E-06,-6.00E-02
,,,4.42E-06,-4.00E-02
,,,4.43E-06,-4.00E-02
,,,4.43E-06,-6.00E-02
,,,4.44E-06,-4.00E-02
,,,4.44E-06,-4.00E-02
,,,4.44E-06,-6.00E-02
,,,4.45E-06,-6.00E-02
,,,4.45E-06,-6.00E-02
,,,4.46E-06,-4.00E-02
,,,4.46E-06,-4.00E-02
,,,4.46E-06,-2.00E-02
,,,4.47E-06,-4.00E-02
,,,4.47E-06,-8.00E-02
,,,4.48E-06,-6.00E-02
,,,4.48E-06,-6.00E-02
,,,4.48E-06,-4.00E-02
,,,4.49E-06,-4.00E-02
,,,4.49E-06,-4.00E-02
,,,4.50E-06,-2.00E-02
,,,4.50E-06,-4.00E-02
,,,4.50E-06,-6.00E-02
,,,4.51E-06,-6.00E-02
,,,4.51E-06,-6.00E-02
,,,4.52E-06,-4.00E-02
,,,4.52E-06,-6.00E-02
,,,4.52E-06,-6.00E-02
,,,4.53E-06,-4.00E-02
,,,4.53E-06,-2.00E-02
,,,4.54E-06,-4.00E-02
,,,4.54E-06,-2.00E-02
,,,4.54E-06,-6.00E-02
,,,4.55E-06,-6.00E-02
,,,4.55E-06,-6.00E-02
,,,4.56E-06,-6.00E-02
,,,4.56E-06,-6.00E-02
,,,4.56E-06,-6.00E-02
,,,4.57E-06,-4.00E-02
,,,4.57E-06,-6.00E-02
,,,4.58E-06,-8.00E-02
,,,4.58E-06,-4.00E-02
,,,4.58E-06,-2.00E-02
,,,4.59E-06,-4.00E-02
,,,4.59E-06,-4.00E-02
,,,4.60E-06,-4.00E-02
,,,4.60E-06,-6.00E-02
,,,4.60E-06,-4.00E-02
,,,4.61E-06,-2.00E-02
,,,4.61E-06,-2.00E-02
,,,4.62E-06,-6.00E-02
,,,4.62E-06,-2.00E-02
,,,4.62E-06,-4.00E-02
,,,4.63E-06,-6.00E-02
,,,4.63E-06,-6.00E-02
,,,4.64E-06,-4.00E-02
,,,4.64E-06,-4.00E-02
,,,4.64E-06,-6.00E-02
,,,4.65E-06,-6.00E-02
,,,4.65E-06,-4.00E-02
,,,4.66E-06,-6.00E-02
,,,4.66E-06,-6.00E-02
,,,4.66E-06,-6.00E-02
,,,4.67E-06,-6.00E-02
,,,4.67E-06,-4.00E-02
,,,4.68E-06,-4.00E-02
,,,4.68E-06,-2.00E-02
,,,4.68E-06,-6.00E-02
,,,4.69E-06,-6.00E-02
,,,4.69E-06,-4.00E-02
,,,4.70E-06,-4.00E-02
,,,4.70E-06,-2.00E-02
,,,4.70E-06,-4.00E-02
,,,4.71E-06,-4.00E-02
,,,4.71E-06,-6.00E-02
,,,4.72E-06,-4.00E-02
,,,4.72E-06,-4.00E-02
,,,4.72E-06,-6.00E-02
,,,4.73E-06,-6.00E-02
,,,4.73E-06,-4.00E-02
,,,4.74E-06,-4.00E-02
,,,4.74E-06,-6.00E-02
,,,4.74E-06,-4.00E-02
,,,4.75E-06,-4.00E-02
,,,4.75E-06,-4.00E-02
,,,4.76E-06,-4.00E-02
,,,4.76E-06,-4.00E-02
,,,4.76E-06,-4.00E-02
,,,4.77E-06,-2.00E-02
,,,4.77E-06,-6.00E-02
,,,4.78E-06,-2.00E-02
,,,4.78E-06,-4.00E-02
,,,4.78E-06,-4.00E-02
,,,4.79E-06,-6.00E-02
,,,4.79E-06,-4.00E-02
,,,4.80E-06,-4.00E-02
,,,4.80E-06,-2.00E-02
,,,4.80E-06,-4.00E-02
,,,4.81E-06,-2.00E-02
,,,4.81E-06,-6.00E-02
,,,4.82E-06,-4.00E-02
,,,4.82E-06,-4.00E-02
,,,4.82E-06,-2.00E-02
,,,4.83E-06,-4.00E-02
,,,4.83E-06,-6.00E-02
,,,4.84E-06,-4.00E-02
,,,4.84E-06,-2.00E-02
,,,4.84E-06,-4.00E-02
,,,4.85E-06,-4.00E-02
,,,4.85E-06,-4.00E-02
,,,4.86E-06,-4.00E-02
,,,4.86E-06,-4.00E-02
,,,4.86E-06,-6.00E-02
,,,4.87E-06,-4.00E-02
,,,4.87E-06,-6.00E-02
,,,4.88E-06,-4.00E-02
,,,4.88E-06,-4.00E-02
,,,4.88E-06,-4.00E-02
,,,4.89E-06,-6.00E-02
,,,4.89E-06,-6.00E-02
,,,4.90E-06,-4.00E-02
,,,4.90E-06,-6.00E-02
,,,4.90E-06,-4.00E-02
,,,4.91E-06,-4.00E-02
,,,4.91E-06,-6.00E-02
,,,4.92E-06,-4.00E-02
,,,4.92E-06,-4.00E-02
,,,4.92E-06,-4.00E-02
,,,4.93E-06,-6.00E-02
,,,4.93E-06,-6.00E-02
,,,4.94E-06,-6.00E-02
,,,4.94E-06,-6.00E-02
,,,4.94E-06,-4.00E-02
,,,4.95E-06,-4.00E-02
,,,4.95E-06,-6.00E-02
,,,4.96E-06,-4.00E-02
,,,4.96E-06,-4.00E-02
,,,4.96E-06,-6.00E-02
,,,4.97E-06,-4.00E-02
,,,4.97E-06,-6.00E-02
,,,4.98E-06,-6.00E-02
,,,4.98E-06,-2.00E-02
,,,4.98E-06,-4.00E-02
,,,4.99E-06,-4.00E-02
,,,4.99E-06,-6.00E-02
,,,5.00E-06,-4.00E-02
